<?xml version="1.0" encoding="UTF-8"?>
<CONDRA>
  <DATE>2022-11-02</DATE>
  <NUMBER>TEST_22_int_ftp</NUMBER>
  <DOCTYPE>111</DOCTYPE>
  <HEAD>
    <SENDER>9864232304319</SENDER>
    <RECIPIENT>9864232304302</RECIPIENT>
    <SUPPLIER>9864232304319</SUPPLIER>
    <BUYER>9864232304302</BUYER>
    <DELIVERYPLACE>9864232304319</DELIVERYPLACE>
    <TYPE>1</TYPE>
    <DOCGUID>68527c7c-a5ea-4445-b119-234d25564717</DOCGUID>
    <TRANSGUID>68527c7c-a5ea-4445-b119-234d25564717</TRANSGUID>
    <CONTENT>
      <FILENAME>some_file.pdf</FILENAME>
    </CONTENT>
  </HEAD>
</CONDRA>
